{
    "dataset_name": "Fashion MNIST",
    "train_size": 60000,
    "test_size": 10000,
    "image_dimensions": "28x28",
    "num_features": 784,
    "num_classes": 10,
    "class_names": [
        "T-shirt/top",
        "Trouser",
        "Pullover",
        "Dress",
        "Coat",
        "Sandal",
        "Shirt",
        "Sneaker",
        "Bag",
        "Ankle boot"
    ],
    "class_distribution": {
        "0": 6000,
        "1": 6000,
        "2": 6000,
        "3": 6000,
        "4": 6000,
        "5": 6000,
        "6": 6000,
        "7": 6000,
        "8": 6000,
        "9": 6000
    },
    "pixel_value_range": "0-255",
    "mean_pixel_value": 72.94035223214286,
    "std_pixel_value": 90.02118235130519,
    "missing_values": "None",
    "pca_explained_variance": {
        "PC1": 0.2925829559116451,
        "PC2": 0.17651456416865324,
        "cumulative": 0.46909752008029837
    }
}