{
    "timestamp": "2025-03-22 12:15:15",
    "accuracy_trend": [
        0.782,
        0.498,
        0.415,
        0.353,
        0.281,
        0.226
    ],
    "feature_drift_trend": [
        0.058,
        0.703,
        0.726,
        0.74,
        0.773,
        0.787
    ],
    "label_drift_trend": [
        0.034496376621320685,
        0.1742067736914957,
        0.2383631682957751,
        0.29791106055331346,
        0.3306070174693816,
        0.39629912944643214
    ],
    "performance_drift_trend": [
        0.008000000000000007,
        0.29200000000000004,
        0.37500000000000006,
        0.43700000000000006,
        0.509,
        0.5640000000000001
    ],
    "retraining_signals": [
        0,
        1,
        1,
        1,
        1,
        1
    ],
    "mlflow_run_id": "3d24a6a074594695858870fa7e39c429",
    "mlflow_available": true,
    "drift_thresholds": {
        "feature_drift": 0.1,
        "label_drift": 0.1,
        "performance_drift": 0.05
    },
    "summary": {
        "total_periods": 6,
        "periods_needing_retraining": 5,
        "final_accuracy": 0.226,
        "accuracy_trend": "decreasing",
        "reference_accuracy": 0.79
    }
}