{
    "model_selection_method": "AutoML with LazyPredict (filtered to supported models)",
    "best_model": "SVC",
    "initial_validation_accuracy": 0.789,
    "optimized_validation_accuracy": 0.805,
    "final_test_accuracy": 0.7816,
    "model_justification": "The SVC model was selected using LazyPredict AutoML, which evaluated multiple ML models to find the one with the best performance on our validation data. We filtered the results to only include models that our hyperparameter optimization pipeline supports, ensuring a smooth end-to-end process.",
    "hyperparameter_justification": "Hyperparameters were optimized using Optuna, which efficiently searched the parameter space using Bayesian optimization. This process identified the optimal configuration that balances model complexity and generalization performance, resulting in improved accuracy on unseen data."
}